id,name,username,email
1,Dexter wafford,Andrew,camilla@services.us
2,Stella babyak,dexter,diamond@services.us
3,Gavin garcia,cecelia,randy525@services.us
4,Rihanna shawn,frank426,jos301@services.us
5,Sydnee roberts,aditya,ralph527@services.us
6,Mark urick,brianna,jos168@services.us
7,Russell moore,avery.760,tyler844@services.us
8,Kathy garcia,sebastian,brianna@services.us
9,Emmanuel tevlin,jolie602,brooklyn@services.us
10,Ronald wafford,abigail,jacquelyn@services.us
11,Alexis zurick,wendy597,martin@services.us
12,Matthew edwards,malcolm,hannah@services.us
13,Robert baker,rogelio,miranda@services.us
14,Bobby white,dulce984,deacon@services.us
15,Landon negley,aditya,tabitha@services.us
16,Gregory turner,sebastian,van572@services.us
17,Mia gahm,avery.380,noah674@services.us
18,Keith raisner,ethen451,anna.869@services.us
19,Clay tormey,dixie881,efrain@services.us
20,Morgan harber,saige.914,keith.403@services.us
21,Gavin davis,emmanuel,glenn.459@services.us
22,Anthony ohrt,dallas,kenneth@services.us
23,David smith,noel581,morgan@services.us
24,Morgan isaman,abraham,jose477@services.us
25,Tristan viana,raymond,jos608@services.us
26,Gary robinson,anthony,alexis@services.us
27,Xzavier martin,patrick,scott.248@services.us
28,Jackson isaman,eliana,steven@services.us
29,Joshua garcia,jeramiah,reuben@services.us
30,Dexter adams,humberto,diamond1@services.us
31,Avery green,john.488,essence@services.us
32,Ryan zurick,gary199,kevin293@services.us
33,Landon raisner,larry.1089,brian.688@services.us
34,Samantha walker,jes454,mia.488@services.us
35,Larry tabbert,clay936,aditya@services.us
36,Miah tabbert,jason.762,kevin266@services.us
37,Ryan lopez,chloe.903,avery.807@services.us
38,George wilson,paul.392,leonel@services.us
39,Frank perez,humberto,riley.915@services.us
40,Abigail roberts,louis174,fred824@services.us
41,Landon abelson,wendy512,avery682@services.us
42,Andrew king,dexter,natalie@services.us
43,Fred turner,roy.976,danny251@services.us
44,Brianna thompson,roy.215,orion.140@services.us
45,Deacon eady,rogelio,faith864@services.us
46,Grace jackowski,brianna,alyssa@services.us
47,Mia serban,emmanuel,keith.499@services.us
48,Brianna yniguez,avery.146,reuben1@services.us
49,James roberts,gideon,jes.454@services.us
50,Esther raisner,cesar.329,reagan@services.us
51,Jeffrey kadel,joe309,malcolm@services.us
52,Carl hernandez,etha.679,mohammad@services.us
53,Victor kairis,rogelio,ishaan@services.us
54,Van edwards,landon,sydnee@services.us
55,Natalie scott,adam1080,christopher@services.us
56,Ethen rodriguez,gabriel,hunter@services.us
57,Brian xander,henry.645,gabriel@services.us
58,Alyssa wilson,victor,david315@services.us
59,Jeffrey harber,carlos,sydnee1@services.us
60,Matthew vasko,noah.738,madison@services.us
61,Addison xavier,landon,kathy.952@services.us
62,Faith harber,ethen.837,wendy132@services.us
63,Dixie nagy,walter,sebastian@services.us
64,Dallas anderson,brenton,brooklyn1@services.us
65,Leonel allen,riley443,justin@services.us
66,Karissa ealy,emma507,amani316@services.us
67,Eliana hall,bryan323,ashley@services.us
68,Audrina perez,walker,madison1@services.us
69,Jos baker,taylor,larry.978@services.us
70,Joshua collins,abraham,orion.133@services.us
71,Aydan yniguez,elizabeth,jason892@services.us
72,Etha carter,dexter,javion@services.us
73,Tristan westcott,etha578,javion1@services.us
74,Carter martin,isabelle,bobby.503@services.us
75,Gavin martinez,faith1027,sophia@services.us
76,Camilla carter,andrew,william@services.us
77,Taylor parker,kevin787,amber.746@services.us
78,Timothy gahm,sophia,samantha@services.us
79,John king,alexis,isabella@services.us
80,Cecelia mabrey,ashley,marisol@services.us
81,Patrick tevlin,stephen,bryan548@services.us
82,Jazlynn yob,miranda,leonel1@services.us
83,Cesar adams,bryan475,robert@services.us
84,Reagan fader,finnegan,xzavier@services.us
85,Jes uhler,mark945,elijah@services.us
86,Natalie hill,caden.100,brianna1@services.us
87,Christopher walker,lauren,wendy.897@services.us
88,Van viana,dennis,mohammad1@services.us
89,Larry wright,russell,camilla1@services.us
90,Aubrey uhler,joe336,jos.1066@services.us
91,Jackson ealy,javion,jerry1011@services.us
92,Ruby martin,alyssa,russell@services.us
93,Michael serban,bryan615,atticus@services.us
94,Avery walker,alexis,carlos@services.us
95,Robert cabler,joseph,daniel@services.us
96,Carlos negley,taylor,miranda1@services.us
97,George fadler,audrina,bobby.209@services.us
98,Russell jackson,jason524,randy420@services.us
99,Brenton robinson,emily.289,brooklyn2@services.us
100,Landon rodriguez,elvis.984,amber726@services.us
101,Ethen fader,paityn,frank.1019@services.us
102,Alexis ohrt,cesar.262,abigail@services.us
103,Landon edwards,landon,grace.250@services.us
104,George mitchell,adam.536,jose.415@services.us
105,Ava brown,alivia,brianna2@services.us
106,Eliana urick,clay.773,amani.269@services.us
107,Joshua jackson,andrew,roy.525@services.us
108,Kathy cahn,joshua,tabitha1@services.us
109,Hunter wesenberg,james515,james439@services.us
110,Xzavier evans,ryleigh,cesar.798@services.us
111,Alexis xavier,joy.127,louis.551@services.us
112,Javion williams,troy.821,avery.732@services.us
113,Jayden uhler,michael,ashley1@services.us
114,Dexter lopez,joshua,yamilet@services.us
115,Joseph ohrt,henry.554,mark131@services.us
116,Noel ealy,michael,randy.1075@services.us
117,Audrina miller,landon,malcolm1@services.us
118,Grady bacon,tristan,elijah1@services.us
119,Steve edwards,isabelle,keith.421@services.us
120,Malcolm cabler,emma.544,kathy747@services.us
121,Jes xander,tyler.381,timothy@services.us
122,Jenish hadder,amani.1041,kevin.143@services.us
123,Kenneth gahm,danny454,chloe977@services.us
124,Harry eady,rogelio,justin1@services.us
125,Julia rainey,esther,audrina@services.us
126,Alyssa king,roy.904,alyssa1@services.us
127,Dexter kairis,david.1093,finnegan@services.us
128,Miah nelson,van.728,ruby.509@services.us
129,Walker falk,jackson,larry.562@services.us
130,Selina collins,emmanuel,julia518@services.us
131,Glenn martin,ryan.701,ryan.566@services.us
132,Cecelia yniguez,gavin945,joseph@services.us
133,Daniel eady,alivia,alivia@services.us
134,Gwendolyn hernandez,dixie.796,samantha1@services.us
135,Paris mabrey,alyssa,andrew@services.us
136,David robinson,andrew,daniel1@services.us
137,Jimmy hernandez,christopher,rihanna@services.us
138,Adam miller,abraham,brooklyn3@services.us
139,Alyssa ohrt,ashley,carter@services.us
140,Steve eady,emily742,carlos1@services.us
141,Caden rodriguez,avery889,amani.294@services.us
142,Fred cabler,bryan.1006,amber.310@services.us
143,Hunter johnson,grace629,henry370@services.us
144,Dexter hanz,isabella,holly.945@services.us
145,Amya falk,stella,xzavier1@services.us
146,Peter cabler,essence,natalie1@services.us
147,Aydan green,jerry508,brian.188@services.us
148,Jeramiah hernandez,william,isabella1@services.us
149,Martin edwards,holly255,jeffrey@services.us
150,Joshua adams,joe525,morgan1@services.us
151,Robert young,cierra,emmy668@services.us
152,Anthony taylor,larry871,landon@services.us
153,Caden yniguez,gary277,jason.969@services.us
154,Karissa scott,anna.327,ishaan1@services.us
155,Faith hall,frank.879,karissa@services.us
156,Ethen adams,brooklyn,mia.912@services.us
157,Alexis king,jacquelyn,natalie2@services.us
158,Eliana thompson,alyssa,natalie3@services.us
159,Larry rainey,gregory,javion2@services.us
160,Justin caffee,ashley,fred846@services.us
161,Kevin shawn,peter521,aniya.249@services.us
162,Abigail lewis,javion,isabelle@services.us
163,Brian mabrey,jenish,ruby.397@services.us
164,Sebastian lopez,glenn.656,elijah2@services.us
165,Douglas baker,camilla,diamond2@services.us
166,Javion hernandez,caden1019,noah844@services.us
167,Scott negley,joy564,andrew1@services.us
168,Gary white,riley.462,aditya1@services.us
169,Keith bacon,jerry.929,matthew@services.us
170,Javion nelson,peter917,malcolm2@services.us
171,Paul gonzalez,ryan836,paris987@services.us
172,Scott xavier,morgan,miah.318@services.us
173,Taylor irwin,abigail,emmanuel@services.us
174,Aydan harber,avery525,caden.790@services.us
175,Gabriel dahn,kenneth,isabelle1@services.us
176,Elvis waggett,troy974,samantha2@services.us
177,Natalie mabrey,dulce317,camilla2@services.us
178,Jolie cabler,cierra,victor@services.us
179,Elvis moore,saige.1072,paul.226@services.us
180,Gabriel miller,hunter,carter1@services.us
181,Finnegan nagy,kathy954,elizabeth@services.us
182,Grace westcott,isabella,robert1@services.us
183,Emily moore,alyssa,xzavier2@services.us
184,Jimmy perez,madison,kevin.531@services.us
185,Riley moore,gavin788,glenn625@services.us
186,Carlos abelson,jerry183,jazlynn@services.us
187,Audrina zurick,olivia,cecelia@services.us
188,Gideon harris,russell,anthony@services.us
189,Ryan labelle,deacon,frank.1011@services.us
190,Jason martin,james.598,gary594@services.us
191,Aditya allen,gavin.947,jacquelyn1@services.us
192,Grace turner,brianna,brenton@services.us
193,Gavin turner,patrick,grady.779@services.us
194,Carter young,james.241,jose.1097@services.us
195,Aydan eady,scott.489,ralph.382@services.us
196,Finnegan gagnon,brian805,elijah3@services.us
197,Dennis thompson,essence,tabitha2@services.us
198,Anthony babyak,jesse.241,sebastian1@services.us
199,Gregory mitchell,dallas,emma.936@services.us
200,Jerry rainey,jolie.864,ruby774@services.us
201,Anthony johnson,jeffrey,troy.599@services.us
202,Brooklyn dahn,ishaan,julia393@services.us
203,Jesse edwards,tyler.562,holly1047@services.us
204,Jerry kadel,jazlynn,samantha3@services.us
205,Keith thompson,patrick,justin2@services.us
206,Julia harber,scott889,cesar.355@services.us
207,Emily zurick,abraham,aydan.234@services.us
208,Grady ohrt,amani.231,eliana@services.us
209,Stephen yniguez,anna425,glenn.302@services.us
210,Jeramiah parker,diamond,brooklyn4@services.us
211,Jason gahm,randy412,emmy488@services.us
212,Isabella hernandez,david.301,aydan.736@services.us
213,Anna turner,riley.551,efrain1@services.us
214,Ethen cahn,troy379,dexter@services.us
215,Elizabeth viana,patrick,emily1030@services.us
216,Jeramiah labelle,dexter,hannah1@services.us
217,Dulce brown,louis.909,jes226@services.us
218,Ethen baker,fred.648,fred.970@services.us
219,Jenish thomas,ava.308,julia582@services.us
220,Brooklyn harris,martin,landon1@services.us
221,Morgan hill,keith293,jimmy.834@services.us
222,Gabriel miller,rogelio,robert2@services.us
223,Amber xavier,alivia,mateo.151@services.us
224,Jerry uhler,paityn,andrew2@services.us
225,Walker adams,aiden727,troy189@services.us
226,Jeffrey green,taylor,sebastian2@services.us
227,Ruby falk,selina,jolie490@services.us
228,Avery green,avery678,randy.914@services.us
229,Gideon westcott,anthony,noel.726@services.us
230,Kathy urick,miah373,martin1@services.us
231,Ruby nagy,miranda,jimmy948@services.us
232,Isabella walker,glenn822,aldo.1001@services.us
233,Selina tormey,scott1069,aydan238@services.us
234,Bryan ohrt,steven,riley.346@services.us
235,Sebastian nelson,ishaan,samantha4@services.us
236,Tabitha gabbert,taylor,holly940@services.us
237,Raymond cabello,jenish,russell1@services.us
238,Cierra yob,ronald,holly.344@services.us
239,Selina xavier,landon,elizabeth1@services.us
240,Russell hall,steven,selina@services.us
241,Holly jackowski,jackson,henry863@services.us
242,Noel cahn,alivia,miranda2@services.us
243,Douglas davis,landon,aubrey@services.us
244,Ethen white,jos.861,bobby729@services.us
245,Ashley tevlin,faith233,riley953@services.us
246,Saige raisner,jeramiah,douglas@services.us
247,Atticus yob,dulce.186,alexis1@services.us
248,Ryan shawn,richard,efrain2@services.us
249,Emma mabrey,xzavier,william1@services.us
250,Emily mabrey,mateo562,atticus1@services.us
251,Landon negley,isabella,jeffrey1@services.us
252,Ava ohrt,jos.188,aubrey1@services.us
253,Isabella tabbert,sebastian,landon2@services.us
254,Morgan nagy,mohammad,carl406@services.us
255,Elizabeth vasko,ryan798,efrain3@services.us
256,Esther king,madison,matthew1@services.us
257,Gavin isaman,jacquelyn,joseph1@services.us
258,Taylor hill,essence,tristan@services.us
259,Kevin brown,bryan762,anthony1@services.us
260,Emmy babyak,rogelio,anna710@services.us
261,Holly walker,brianna,sydnee2@services.us
262,Gavin cahn,camilla,reagan1@services.us
263,Efrain smith,timothy,elvis1042@services.us
264,Sophia collins,roy847,rogelio@services.us
265,Holly phillips,reagan,jos581@services.us
266,Malcolm smith,stella,clay456@services.us
267,Joseph yniguez,amya936,steven1@services.us
268,Aditya white,martin,taylor@services.us
269,Brooklyn dahn,glenn646,caden345@services.us
270,Jazlynn vasko,charles,julia.769@services.us
271,Camilla adams,louis.885,gabriel1@services.us
272,Avery fader,christopher,atticus2@services.us
273,Marisol adams,michael,karissa1@services.us
274,Tyrese ealy,scott.102,grace.528@services.us
275,Brooklyn garcia,mohammad,ethen.589@services.us
276,Ryan evans,joe708,tristan1@services.us
277,Emma robinson,kevin856,camilla3@services.us
278,Selina perez,ryan.364,richard@services.us
279,Riley hall,ava.641,aniya140@services.us
280,Diamond tevlin,yamilet,mark807@services.us
281,Caden mabrey,marisol,olivia@services.us
282,Louis collins,kenneth,alexis2@services.us
283,Victor eady,bobby.182,addison@services.us
284,Dallas rodriguez,noel.854,donald@services.us
285,Gwendolyn baker,ryan852,isabella2@services.us
286,Eliana cahn,madison,brianna3@services.us
287,Clay viana,aiden586,mia.238@services.us
288,Sophia moore,madison,avery219@services.us
289,Elijah mabrey,ryan163,atticus3@services.us
290,Joy moore,steven,jazlynn1@services.us
291,Alivia falk,jesse594,christopher1@services.us
292,Rogelio eady,carter,stephen@services.us
293,Samantha roberts,morgan,jason825@services.us
294,Jolie campbell,john.160,lauren@services.us
295,Noel davis,diamond,caden267@services.us
296,Andrew thomas,cecelia,xzavier3@services.us
297,Riley wafford,michael,ishaan2@services.us
298,Randy johnson,ralph636,justin3@services.us
299,Timothy thompson,miah.717,tyler.245@services.us
300,Matthew hill,troy459,brianna4@services.us
301,Jolie taylor,kenneth,peter580@services.us
302,Humberto wesenberg,orion.831,jos.809@services.us
303,Reuben kadel,jackson,gwendolyn@services.us
304,Riley brown,john.185,jolie252@services.us
305,Holly xavier,cierra,joseph2@services.us
306,Aniya wright,gideon,walker@services.us
307,Dennis abelson,gideon,tyler.1042@services.us
308,Elvis jones,ruby.843,fred279@services.us
309,Avery cabello,rogelio,raymond@services.us
310,Charles johnson,joe984,david.461@services.us
311,Anna thomas,elizabeth,holly581@services.us
312,Alivia clark,morgan,bryan.215@services.us
313,Madison eady,walter,ethen.268@services.us
314,Walter walker,marisol,ashley2@services.us
315,Jos johnson,adam325,mateo338@services.us
316,Jacquelyn martinez,amber.354,brooklyn5@services.us
317,George yob,ashley,joshua@services.us
318,Cierra rodriguez,rogelio,saige1011@services.us
319,Vivian labelle,ishaan,avery.967@services.us
320,Steve nelson,ryleigh,avery.206@services.us
321,Orion caffee,ava644,harry.1050@services.us
322,Frank collins,brianna,chloe.1006@services.us
323,Ryan turner,jos680,mia.129@services.us
324,Jesse westcott,gavin828,yamilet1@services.us
325,Aldo edwards,isabelle,scott538@services.us
326,Jackson clark,cesar293,jerry.144@services.us
327,Avery white,anthony,jose248@services.us
328,Sophia yniguez,troy.1005,grady1074@services.us
329,Saige rodriguez,gary.283,douglas1@services.us
330,Alyssa tabbert,wendy.473,riley.860@services.us
331,James davis,daniel,abraham@services.us
332,Isabella green,caden744,paul.1094@services.us
333,Joe gonzalez,charles,cesar.325@services.us
334,Hunter johnson,jerry.458,brian.794@services.us
335,Sydnee mitchell,isabella,hannah2@services.us
336,Dixie garcia,elvis842,tyler787@services.us
337,Gwendolyn baker,joe.651,ryan.235@services.us
338,Dulce lee,scott164,reuben2@services.us
339,Larry white,ryan.547,avery.396@services.us
340,Raymond phillips,hunter,emma.766@services.us
341,Aditya ealy,humberto,anna467@services.us
342,Kevin edwards,gideon,anna.334@services.us
343,Noel jackson,scott172,noah1000@services.us
344,Dallas xavier,caden916,clay644@services.us
345,Sophia johnson,dexter,adam314@services.us
346,Malcolm caffee,kevin.360,essence1@services.us
347,Leonel tormey,jolie.821,jacquelyn2@services.us
348,Aldo mitchell,louis.468,henry.1026@services.us
349,Elijah hill,christopher,anthony2@services.us
350,Gavin eady,robert,miranda3@services.us
351,Marisol edwards,tyler588,henry886@services.us
352,Ryleigh gagnon,saige.646,troy283@services.us
353,Miah serban,elizabeth,anthony3@services.us
354,Brianna bacon,martin,john311@services.us
355,Walker viana,etha729,emmanuel1@services.us
356,Anna urick,bryan.960,patrick@services.us
357,Patrick irwin,esther,elizabeth2@services.us
358,Jackson scott,selina,martin2@services.us
359,Brooklyn bacon,alyssa,ralph.929@services.us
360,Aniya lewis,raymond,gary.760@services.us
361,Patrick irwin,steve.610,noah.436@services.us
362,Finnegan mitchell,gary.957,avery931@services.us
363,Selina negley,frank.612,anthony4@services.us
364,Etha abby,chloe.582,jose116@services.us
365,Carl clark,harry.1066,jose.417@services.us
366,Jacquelyn fader,rihanna,gavin.1057@services.us
367,Tyler garcia,avery532,tabitha3@services.us
368,Dexter carter,charles,patrick1@services.us
369,Leonel rainey,rogelio,caden.698@services.us
370,Dixie westcott,abraham,miranda4@services.us
371,Paityn hall,jesse908,aydan.596@services.us
372,Carl vasko,jason.232,jesse.1068@services.us
373,Jackson labelle,james.849,jason672@services.us
374,Faith roberts,alyssa,john961@services.us
375,Ava brown,peter685,grace.166@services.us
376,Rihanna rainey,sophia,ashley3@services.us
377,Finnegan kadel,gavin.352,mohammad2@services.us
378,Orion gabbert,eliana,brianna5@services.us
379,Lauren ohrt,gwendolyn,peter1058@services.us
380,Ronald hernandez,aiden.944,ryan.1093@services.us
381,David turner,yamilet,harry.1090@services.us
382,Russell caffee,etha.377,gideon@services.us
383,Hunter brown,jesse.900,audrina1@services.us
384,Mia hadder,cierra,ryan.840@services.us
385,Miah cahn,dixie553,isabella3@services.us
386,Joseph adams,danny716,jackson@services.us
387,Steven phillips,madison,ruby.1087@services.us
388,Jacquelyn carter,dennis,matthew2@services.us
389,Joy young,kevin.419,tabitha4@services.us
390,Olivia fadler,christopher,tyrese@services.us
391,Victor clark,michael,william2@services.us
392,Gideon viana,ryan367,dallas@services.us
393,Peter abby,reagan,atticus4@services.us
394,Russell zurick,timothy,ryan.404@services.us
395,Etha wilson,elvis.305,anthony5@services.us
396,Douglas negley,keith139,jazlynn2@services.us
397,Jeramiah labelle,javion,dallas1@services.us
398,Brooklyn lewis,ralph715,jesse.332@services.us
399,Cesar jackowski,richard,jayden@services.us
400,Emily smith,miah919,amani375@services.us
401,Russell viana,audrina,jose947@services.us
402,Randy vasko,ryan.405,scott.943@services.us
403,Amya waggett,aniya.1029,patrick2@services.us
404,Charles campbell,marisol,carl602@services.us
405,Aubrey martin,randy1017,larry.518@services.us
406,Frank green,paris393,miah.897@services.us
407,Gideon westcott,carter,mia522@services.us
408,Ronald caffee,leonel,jenish@services.us
409,Jackson mitchell,paris.427,deacon1@services.us
410,Emma negley,jerry448,anthony6@services.us
411,Jerry harris,hannah,natalie4@services.us
412,Kevin shawn,yamilet,anthony7@services.us
413,Amani harris,olivia,grady1085@services.us
414,Henry cahn,amani.669,aniya686@services.us
415,Kenneth williams,victor,malcolm3@services.us
416,Olivia taylor,joy.621,aniya.993@services.us
417,Brian hernandez,danny378,tabitha5@services.us
418,Kathy lewis,amber413,bobby.662@services.us
419,Rogelio walker,atticus,jolie.805@services.us
420,Elvis garcia,julia534,troy.481@services.us
421,Jolie clark,roy.818,grace.605@services.us
422,Jimmy mitchell,javion,eric.514@services.us
423,Lauren westcott,emily835,van761@services.us
424,Mark johnson,jenish,matthew3@services.us
425,Taylor ealy,riley578,mohammad3@services.us
426,Ronald jackson,jason.366,russell2@services.us
427,Brianna eady,larry914,jeffrey2@services.us
428,Charles babyak,peter.1074,jeffrey3@services.us
429,Alyssa collins,yamilet,michael@services.us
430,Morgan viana,amya277,alyssa2@services.us
431,Miranda babyak,cesar.1081,avery873@services.us
432,Riley yob,ronald,ryan1096@services.us
433,Joseph labelle,finnegan,stella@services.us
434,Randy labelle,clay.918,paityn@services.us
435,Randy abby,paul.265,gabriel2@services.us
436,Frank xander,vivian,emily684@services.us
437,Stella waggett,ava491,humberto@services.us
438,Sophia cahn,caden455,harry383@services.us
439,Gregory walker,jacquelyn,joshua1@services.us
440,Humberto yob,camilla,timothy1@services.us
441,Ava eady,deacon,jackson1@services.us
442,Caden tormey,paityn,riley950@services.us
443,Walter taylor,jerry.718,aldo.427@services.us
444,Rogelio cahn,walter,vivian@services.us
445,Alivia hanz,frank1091,william3@services.us
446,Henry waggett,elijah,gary921@services.us
447,Alivia hernandez,tyler.846,aydan184@services.us
448,Randy johnson,faith778,robert3@services.us
449,Etha abby,grady765,avery.212@services.us
450,Orion scott,jazlynn,joy.275@services.us
451,Mia williams,chloe612,carlos2@services.us
452,Riley anderson,reagan,saige969@services.us
453,Jackson xavier,carlos,paris.908@services.us
454,John ealy,jeffrey,alexis3@services.us
455,Efrain brown,martin,peter.749@services.us
456,Jacquelyn eady,ruby.431,jason818@services.us
457,Grace davis,mark.255,miah.572@services.us
458,Selina waggett,vivian,reagan2@services.us
459,Paul green,joy384,javion3@services.us
460,Morgan urick,dallas,harry985@services.us
461,Sydnee baker,raymond,aiden251@services.us
462,Paris waggett,elizabeth,james482@services.us
463,Karissa roberts,aiden723,bryan.949@services.us
464,Julia kadel,deacon,emily506@services.us
465,Rogelio tormey,sebastian,dixie.460@services.us
466,Christopher gahm,anthony,lauren1@services.us
467,Henry gabbert,ralph.265,daniel2@services.us
468,Sebastian urick,samantha,morgan2@services.us
469,Brooklyn allen,steve502,joy.1023@services.us
470,Russell lopez,james.971,saige465@services.us
471,Xzavier mitchell,grace.596,david.911@services.us
472,Riley thompson,cesar761,miranda5@services.us
473,Jesse baker,randy.772,joy.108@services.us
474,Adam isaman,emma.983,noel.340@services.us
475,Charles scott,noel193,saige.467@services.us
476,Gavin miller,emily370,aditya2@services.us
477,Harry xavier,yamilet,george@services.us
478,Camilla taylor,emmanuel,alyssa3@services.us
479,Marisol mabrey,van.456,tyler601@services.us
480,Kathy adams,efrain,jolie.406@services.us
481,Taylor rodriguez,miah.655,frank991@services.us
482,Clay gonzalez,amber.695,emma.287@services.us
483,Jenish falk,david1064,ava822@services.us
484,Vivian moore,caden238,mohammad4@services.us
485,Scott urick,humberto,ryan.781@services.us
486,Dexter campbell,bobby.342,tabitha6@services.us
487,Joe zurick,alyssa,elvis.676@services.us
488,Kevin williams,selina,timothy2@services.us
489,Kenneth king,jesse.693,vivian1@services.us
490,Andrew turner,clay319,joshua2@services.us
491,Gavin tevlin,sebastian,richard1@services.us
492,Etha robinson,douglas,adam317@services.us
493,Ryan white,amber373,brenton1@services.us
494,Hunter eady,joe.547,emmanuel2@services.us
495,Henry carter,william,cierra@services.us
496,Victor tormey,tristan,ryleigh@services.us
497,Abraham ohrt,isabelle,daniel3@services.us
498,Anthony wesenberg,charles,sydnee3@services.us
499,William gahm,tyrese,mia.745@services.us
500,Dallas williams,stella,reagan3@services.us
