GUID,Secret,Token
1e267-b9e0ebdda2-c1205,Tr1ckyPassw0rd,0c7ea1c8c390
43b87-7f21b139be-e19ef,F1reF1yS1ngs,c5ace4b41643
624b6-e4637bf48c-61398,D0ntStopBel1eving,e175e8c24ab7
ced82-b6f4f21412-dda6d,G3n3ralG00dness,fa2be3265b71
edb29-09c5f942a1-82bbd,W1nt3rW0nd3rland,e289d68a6a5b
6ba73-4891b8baf4-102c4,S1mpl3Th1ngsMatter,8ad8c2ce5e12
b388c-16f7868056-af864,R3adB00ksandSm1le,cd3680400456
90c23-9c7873d549-3eac6,M1dnight0wl,51ad009cf24b
7a549-2b231075f6-5cb79,CatchTh3Wav3s,3f78e3d1939c
1ac3e-6d8f51fb42-fe9fa,R41nbowSk13s,a57be8eb53f7
4a21e-a4322a91aa-b5c8c,W0rldTrav3ll3r,8020f396a6fb
18345-9c4c98650a-68441,L3tItB3G1n,ed8fb2d9b33f
df388-92a46cb282-c85a4,C0ffeeL0v3ra,5e7355167b9f
34113-4f0837c98c-0d7fb,M0v1eMarath0n,1b765fab7e28
4f7de-cd97a44c74-f9f8d,S0und0fMus1c,3405f0148a29
ebde3-cca086452a-fb791,Ch0c0lat3Craz3,f2cd3a625b00
be32b-e42acbc212-36af1,Magn1fic3ntSun5et,c0cd2a064258
e034c-719d927de4-01afa,Ech03sOfL1f3,dfece42d338d
1b2ff-700d338fa8-a57ee,J4zzM3Up,bcdc8a3789ac
fdf20-7524a9a21f-097fe,W0rldExpl0r3r1,586912aad267
98f9e-313f037efc-10172,CandyCrav3r,fed84862a72b
5707a-e22b635e73-ed077,S1l3ntStr1d3r,71a30a0068cc
29746-4c002ebe35-f2687,BlackCatC0mrad3,f10038aaea08
3bd2c-a82d0a36ab-cda49,F0r3v3rY0ung,752aa6cfa74d
53126-001073f306-ae9b9,W1s3lyCh05en,299bc51025ad
18672-bfa7ce02c6-c27b4,CatchM3IfY0uCan,04d07a869ef6
f909c-29effa4726-5715a,L1st3nT0YourH34rt,edb318128daf
d4279-68b96a9863-804ea,M1dn1ghtStarrySk1es,ec7b4f167d05
c2442-6121fae931-6fce5,F1r3fliesInTh3N1ght,31e49630c60c
90b06-6b4cc83c41-d6975,W0rds0fW1sd0m,287eb7e287d3
fb415-633138b7ec-d0b25,C0l0rfulDr3ams1,c3ab3ef279dd
2d09e-b51bdbb11f-3e428,W4lkInThePark,01ae5200738f
8f75e-00d5555c61-f623d,Danc3L1keN0b0dysWatching,79532c5517ba
53eeb-2698d4dfc2-7409c,W1nd0fChang3,dcc02ac7ab23
ea9e3-04dee9a4df-fb3ac,H4ppyT0gether,09d21d67eec9
93c83-58af060b56-d972b,C4tchTh3M0ments,b08e4c1c01f4
48599-a204e0fc87-f5fd1,L0v3lySunsh1n3,8200edb028a1
cbd3e-98604872bc-52578,R3laxandUnw1nd,25717d97bf9c
93d06-efb6b9d601-04a56,St4yHumble&Bless3d,ed8e9585b313
ab251-8df0ff53ce-cdac7,C0ff33L0v3rsUn1t3,92fcc051b4d4
5ad83-c7b8a0b382-511d2,B3l1ev3InM4g1c,e09cfeb98005
0f21e-1724b87b5d-eb28d,P1cnicInThePark,e92b9caececb
befe7-6aca9d3d07-9c933,M3l0dy0fL1f3,7548944ad942
ce706-158cacc772-a97cc,C4tch4F1r3fly,20c861409152
8bf63-a4729c92bc-4a622,B1cycleAdventur3r,8c54eed15566
02985-14f91eba29-353cd,F1r3w0rkSpectacular,a900c87d68cf
ba3cf-577a48b481-cc7b0,S1mpl3Pl3asur3s,a875b7e7eda6
25cfd-4423dd1176-814ca,F1tn3ssJunk13,3c9de1584faa
c4992-debe6f52a9-3d9c1,B3Y0Urself,091685f30c67
5d772-1a5d6e45ec-8f9c8,M0ments2Ch3r1sh,39cd4ef1556c
