id,name,username,email,password,note,role
1,Dexter wafford,Andrew,camilla@jmori.com,8ed10f874697f334,,user
2,Stella babyak,dexter,diamond@jmori.com,3c8f6cf5c00d5a63,,admin
3,Gavin garcia,cecelia,randy525@jmori.com,9bf6f410c125e323,,user
4,Rihanna shawn,frank426,jos301@jmori.com,9246f620d22343bf,,user
5,Sydnee roberts,aditya,ralph527@jmori.com,cfe856469e0a7fe2,,user
6,Mark urick,brianna,jos168@jmori.com,e55ae028d803482f,,user
7,Russell moore,avery.760,tyler844@jmori.com,26b0afd89b2d9b72,,user
8,Kathy garcia,sebastian,brianna@jmori.com,18f06f78e8725899,,user
9,Emmanuel tevlin,jolie602,brooklyn@jmori.com,9783ed8d219d005a,,admin
10,Ronald wafford,abigail,jacquelyn@jmori.com,f1fd9ebb9de2f7d6,,user
11,Alexis zurick,wendy597,martin@jmori.com,aa1550fbd09256e6,,user
12,Matthew edwards,malcolm,hannah@jmori.com,4689df23502df477,,user
13,Robert baker,rogelio,miranda@jmori.com,28919812e855d9a7,,user
14,Bobby white,dulce984,deacon@jmori.com,b0669e5aaa2c2bcd,,user
15,Landon negley,aditya,tabitha@jmori.com,8b90327420f1b3cb,,user
16,Gregory turner,sebastian,van572@jmori.com,1109467c65e27925,,user
17,Mia gahm,avery.380,noah674@jmori.com,c176d46c6eddce5d,,admin
18,Keith raisner,ethen451,anna.869@jmori.com,cb09d569f0bca783,,user
19,Clay tormey,dixie881,efrain@jmori.com,677d448f57f61f34,,user
20,Morgan harber,saige.914,keith.403@jmori.com,1ffa95ff6931fe6b,,user
21,Gavin davis,emmanuel,glenn.459@jmori.com,54c7de3aef890866,,user
22,Anthony ohrt,dallas,kenneth@jmori.com,c09f10b2230f15a7,,user
23,David smith,noel581,morgan@jmori.com,37bf83928c223582,,user
24,Morgan isaman,abraham,jose477@jmori.com,b36b9326743103c7,,user
25,Tristan viana,raymond,jos608@jmori.com,b828a958fc194d6e,,user
26,Gary robinson,anthony,alexis@jmori.com,d869daebf715d97f,,user
27,Xzavier martin,patrick,scott.248@jmori.com,149c3da6b628a122,,user
28,Jackson isaman,eliana,steven@jmori.com,d93e7ccf5cb1ac63,,user
29,Joshua garcia,jeramiah,reuben@jmori.com,f6364e03c92f02a4,,user
30,Dexter adams,humberto,diamond@jmori.com,b06d55cc901ef57e,,user
31,Avery green,john.488,essence@jmori.com,c852a1f89c23f460,,admin
32,Ryan zurick,gary199,kevin293@jmori.com,1de0a60bb314bed8,,user
33,Landon raisner,larry.1089,brian.688@jmori.com,369f8b898938e76e,,user
34,Samantha walker,jes454,mia.488@jmori.com,b4797020c3c98ba6,,user
35,Larry tabbert,clay936,aditya@jmori.com,929cd93224624d6f,,user
36,Miah tabbert,jason.762,kevin266@jmori.com,cf4282d72da9e59c,,user
37,Ryan lopez,chloe.903,avery.807@jmori.com,fae36c6ccfa1c71b,,admin
38,George wilson,paul.392,leonel@jmori.com,9e8df168cf077a40,,user
39,Frank perez,humberto,riley.915@jmori.com,9b7db14140a27286,,user
40,Abigail roberts,louis174,fred824@jmori.com,045c4b0cccafc291,,user
41,Landon abelson,wendy512,avery682@jmori.com,25960b8863afed18,,user
42,Andrew king,dexter,natalie@jmori.com,adae0e03b153f9db,,user
43,Fred turner,roy.976,danny251@jmori.com,5cf3d9ef6e1feed8,,user
44,Brianna thompson,roy.215,orion.140@jmori.com,c67a22335aa6fc31,,user
45,Deacon eady,rogelio,faith864@jmori.com,751c720f254a5aac,,admin
46,Grace jackowski,brianna,alyssa@jmori.com,fc723401da1b7888,,user
47,Mia serban,emmanuel,keith.499@jmori.com,049701ae6c436781,,admin
48,Brianna yniguez,avery.146,reuben@jmori.com,434637f3c4d49902,,user
49,James roberts,gideon,jes.454@jmori.com,91c40b96c1fb9cca,,user
50,Esther raisner,cesar.329,reagan@jmori.com,3cd1703bd5795237,,user
51,Jeffrey kadel,joe309,malcolm@jmori.com,c41077a08f98925c,,user
52,Carl hernandez,etha.679,mohammad@jmori.com,a8c3e9870ec43f05,,user
53,Victor kairis,rogelio,ishaan@jmori.com,40b7b4c715bc6ac6,,user
54,Van edwards,landon,sydnee@jmori.com,4e050c785c805328,,user
55,Natalie scott,adam1080,christopher@jmori.com,b81cdc86550469b1,,user
56,Ethen rodriguez,gabriel,hunter@jmori.com,2b752894202838a9,,admin
57,Brian xander,henry.645,gabriel@jmori.com,797dcb19340dca23,,user
58,Alyssa wilson,victor,david315@jmori.com,6866196497f1a66b,,user
59,Jeffrey harber,carlos,sydnee@jmori.com,43a789d984f0bb1f,,user
60,Matthew vasko,noah.738,madison@jmori.com,5b2fc3b33b067831,,user
61,Addison xavier,landon,kathy.952@jmori.com,5be594260a020090,,user
62,Faith harber,ethen.837,wendy132@jmori.com,eba41f3de90f87c6,,user
63,Dixie nagy,walter,sebastian@jmori.com,8a2be5b2cef4bfa9,,user
64,Dallas anderson,brenton,brooklyn@jmori.com,bc2b0e61ca34a1c0,,user
65,Leonel allen,riley443,justin@jmori.com,a5e3ce3dd69c066d,,user
66,Karissa ealy,emma507,amani316@jmori.com,c5ec732972a53b5b,,user
67,Eliana hall,bryan323,ashley@jmori.com,a08314fc636c6836,,admin
68,Audrina perez,walker,madison@jmori.com,dd74b05c55d4e233,,user
69,Jos baker,taylor,larry.978@jmori.com,aeddc0015ef47137,,user
70,Joshua collins,abraham,orion.133@jmori.com,723c305e4f2b1ab4,,user
71,Aydan yniguez,elizabeth,jason892@jmori.com,ba859845b0564b49,,user
72,Etha carter,dexter,javion@jmori.com,9f4ad9d5d27c6caa,,user
73,Tristan westcott,etha578,javion@jmori.com,4d8a5fd71d261a83,,admin
74,Carter martin,isabelle,bobby.503@jmori.com,e66a1facb6a3e82c,,user
75,Gavin martinez,faith1027,sophia@jmori.com,87a88b68a7579b53,,user
76,Camilla carter,andrew,william@jmori.com,8e17bb59424dd6f9,,user
77,Taylor parker,kevin787,amber.746@jmori.com,f9887962982a3414,,user
78,Timothy gahm,sophia,samantha@jmori.com,7ecbafd19520dad2,,user
79,John king,alexis,isabella@jmori.com,84f5dc1cd831e5aa,,user
80,Cecelia mabrey,ashley,marisol@jmori.com,8faf167e38627e19,,user
81,Patrick tevlin,stephen,bryan548@jmori.com,619e471a1426842f,,user
82,Jazlynn yob,miranda,leonel@jmori.com,a442a97e8f7eaf86,,admin
83,Cesar adams,bryan475,robert@jmori.com,883415e1228dadd5,,user
84,Reagan fader,finnegan,xzavier@jmori.com,45f5fe063d7be801,,user
85,Jes uhler,mark945,elijah@jmori.com,fb1e39aa0976d6ec,,user
86,Natalie hill,caden.100,brianna@jmori.com,e007a4f74bb323e5,,user
87,Christopher walker,lauren,wendy.897@jmori.com,64cfdc4ad0a2b054,,user
88,Van viana,dennis,mohammad@jmori.com,363ef66f67d2070a,,user
89,Larry wright,russell,camilla@jmori.com,48a2d0a0f44df176,,user
90,Aubrey uhler,joe336,jos.1066@jmori.com,c850ba5ad976d500,,user
91,Jackson ealy,javion,jerry1011@jmori.com,8547f0e68f821588,,user
92,Ruby martin,alyssa,russell@jmori.com,bcd26b52a5c00ec1,,user
93,Michael serban,bryan615,atticus@jmori.com,47df77993269416e,,user
94,Avery walker,alexis,carlos@jmori.com,252a0bccb6e386b4,,user
95,Robert cabler,joseph,daniel@jmori.com,c28478bf5d63743b,,user
96,Carlos negley,taylor,miranda@jmori.com,45865e48a4ac7547,,user
97,George fadler,audrina,bobby.209@jmori.com,ec1a85293bdb268d,,user
98,Russell jackson,jason524,randy420@jmori.com,470cd074b94ae699,,user
99,Brenton robinson,emily.289,brooklyn@jmori.com,8c2d7b1cd01cd6fc,,user
100,Landon rodriguez,elvis.984,amber726@jmori.com,4187aae1ae7adb25,,user
101,Ethen fader,paityn,frank.1019@jmori.com,65efb63584e1ffc5,,user
102,Alexis ohrt,cesar.262,abigail@jmori.com,ce2f96ef151f6e39,,user
103,Landon edwards,landon,grace.250@jmori.com,6af65aca07c40d2f,,user
104,George mitchell,adam.536,jose.415@jmori.com,8a9e24711d704093,,user
105,Ava brown,alivia,brianna@jmori.com,05d0b4c0438384ee,,admin
106,Eliana urick,clay.773,amani.269@jmori.com,2f5eff0a42613e9d,,user
107,Joshua jackson,andrew,roy.525@jmori.com,1d9639f42776f924,,user
108,Kathy cahn,joshua,tabitha@jmori.com,59cf33de6f9e5056,,user
109,Hunter wesenberg,james515,james439@jmori.com,e2b6d4206a086856,,user
110,Xzavier evans,ryleigh,cesar.798@jmori.com,cf1f21e0639c6e76,,admin
111,Alexis xavier,joy.127,louis.551@jmori.com,7792f8c3141d1da3,,user
112,Javion williams,troy.821,avery.732@jmori.com,06b3047cbd7ca766,,user
113,Jayden uhler,michael,ashley@jmori.com,2f733867e0bab1b3,,user
114,Dexter lopez,joshua,yamilet@jmori.com,18836fb478f06b53,,user
115,Joseph ohrt,henry.554,mark131@jmori.com,4466b1c7b14cd03c,,user
116,Noel ealy,michael,randy.1075@jmori.com,00f5f07382fdf8cb,,user
117,Audrina miller,landon,malcolm@jmori.com,dca7e2a28ba5b688,,user
118,Grady bacon,tristan,elijah@jmori.com,61eff7d641233517,,user
119,Steve edwards,isabelle,keith.421@jmori.com,1f0e74254e316eef,,user
120,Malcolm cabler,emma.544,kathy747@jmori.com,03fb484798d61c08,,admin
121,Jes xander,tyler.381,timothy@jmori.com,91ef7d443002a987,,user
122,Jenish hadder,amani.1041,kevin.143@jmori.com,ea8cf9acd79647cb,,admin
123,Kenneth gahm,danny454,chloe977@jmori.com,5a18eac49a8c72aa,,user
124,Harry eady,rogelio,justin@jmori.com,5f0e297c54b22f82,,user
125,Julia rainey,esther,audrina@jmori.com,3a1ee2939b56959a,,user
126,Alyssa king,roy.904,alyssa@jmori.com,7d2b9c7c6794460a,,user
127,Dexter kairis,david.1093,finnegan@jmori.com,bd9d8b25f3dd2c17,,user
128,Miah nelson,van.728,ruby.509@jmori.com,594b69a516526ca7,,user
129,Walker falk,jackson,larry.562@jmori.com,9c20214acc85e6ee,,user
130,Selina collins,emmanuel,julia518@jmori.com,13f6ed416dec4191,,user
131,Glenn martin,ryan.701,ryan.566@jmori.com,86720d42a985b9f5,,user
132,Cecelia yniguez,gavin945,joseph@jmori.com,df3ff93865eaa8fd,,user
133,Daniel eady,alivia,alivia@jmori.com,13af59498d911441,,admin
134,Gwendolyn hernandez,dixie.796,samantha@jmori.com,dc0a8798d54fc7b2,,user
135,Paris mabrey,alyssa,andrew@jmori.com,651468e5b655fb53,,user
136,David robinson,andrew,daniel@jmori.com,86f4ecd9667280bd,,user
137,Jimmy hernandez,christopher,rihanna@jmori.com,2a755a58a853d88d,,user
138,Adam miller,abraham,brooklyn@jmori.com,bca457e0083e4627,,user
139,Alyssa ohrt,ashley,carter@jmori.com,9ab1b419cbf24af2,,user
140,Steve eady,emily742,carlos@jmori.com,aede3149144de88e,,user
141,Caden rodriguez,avery889,amani.294@jmori.com,25bbc3e16bcfdc58,,user
142,Fred cabler,bryan.1006,amber.310@jmori.com,470721902b1e0caf,,user
143,Hunter johnson,grace629,henry370@jmori.com,498fa30167a19bc9,,user
144,Dexter hanz,isabella,holly.945@jmori.com,d1b2369a086573e7,,user
145,Amya falk,stella,xzavier@jmori.com,d4a12f43dc92667b,,admin
146,Peter cabler,essence,natalie@jmori.com,0db7263c8ef6c9a6,,user
147,Aydan green,jerry508,brian.188@jmori.com,917c5ed0f5639af4,,user
148,Jeramiah hernandez,william,isabella@jmori.com,8efb5d88fe4ecc22,,user
149,Martin edwards,holly255,jeffrey@jmori.com,0eafca73a2fb8e72,,user
150,Joshua adams,joe525,morgan@jmori.com,08b059b9155f3591,,user
151,Robert young,cierra,emmy668@jmori.com,7e33c27d650c96b3,,user
152,Anthony taylor,larry871,landon@jmori.com,82b12e85592b77ad,,user
153,Caden yniguez,gary277,jason.969@jmori.com,894892a338c4ff5e,,user
154,Karissa scott,anna.327,ishaan@jmori.com,f1f035830492fb63,,user
155,Faith hall,frank.879,karissa@jmori.com,f8178c4da6fc91d6,,user
156,Ethen adams,brooklyn,mia.912@jmori.com,ab2ba0dbd1e1d77d,,admin
157,Alexis king,jacquelyn,natalie@jmori.com,649bcc605167adf4,,admin
158,Eliana thompson,alyssa,natalie@jmori.com,0143d3880da8eecd,,user
159,Larry rainey,gregory,javion@jmori.com,e08b56eede4f467b,,user
160,Justin caffee,ashley,fred846@jmori.com,2ba8dde7a010cfe5,,user
161,Kevin shawn,peter521,aniya.249@jmori.com,35cb319e1bbb0be0,,user
162,Abigail lewis,javion,isabelle@jmori.com,e4ba34ac9ed3c80d,,user
163,Brian mabrey,jenish,ruby.397@jmori.com,4ec34f49bb95006c,,user
164,Sebastian lopez,glenn.656,elijah@jmori.com,95d83c55b119153d,,user
165,Douglas baker,camilla,diamond@jmori.com,2fe72855a1972949,,user
166,Javion hernandez,caden1019,noah844@jmori.com,4756d744d7447ce7,,user
167,Scott negley,joy564,andrew@jmori.com,573b3c81200cd945,,user
168,Gary white,riley.462,aditya@jmori.com,56928fc9dbf4a74e,,user
169,Keith bacon,jerry.929,matthew@jmori.com,991901f604599d88,,user
170,Javion nelson,peter917,malcolm@jmori.com,b1fd194932dcfa98,,user
171,Paul gonzalez,ryan836,paris987@jmori.com,09435bd499b9b86e,,user
172,Scott xavier,morgan,miah.318@jmori.com,20a9ec8e19dcbc32,,user
173,Taylor irwin,abigail,emmanuel@jmori.com,cda57a1734e4edef,,admin
174,Aydan harber,avery525,caden.790@jmori.com,19eb1c63e3fd5312,,user
175,Gabriel dahn,kenneth,isabelle@jmori.com,f94be31967934e03,,admin
176,Elvis waggett,troy974,samantha@jmori.com,b2c08e53000bb9bf,,admin
177,Natalie mabrey,dulce317,camilla@jmori.com,73c83e7f7cd545c7,,user
178,Jolie cabler,cierra,victor@jmori.com,31df3c993fc92b3d,,user
179,Elvis moore,saige.1072,paul.226@jmori.com,6fa911638d2b7ed2,,user
180,Gabriel miller,hunter,carter@jmori.com,9cb58ec67a09d942,,user
181,Finnegan nagy,kathy954,elizabeth@jmori.com,9cdaf329c239c1b0,,user
182,Grace westcott,isabella,robert@jmori.com,4aba7c40a8de0095,,admin
183,Emily moore,alyssa,xzavier@jmori.com,c14cd254541d9f79,,admin
184,Jimmy perez,madison,kevin.531@jmori.com,4a3feb233cf2716b,,user
185,Riley moore,gavin788,glenn625@jmori.com,d86a96e7d1504108,,user
186,Carlos abelson,jerry183,jazlynn@jmori.com,860e44163a34b1e2,,user
187,Audrina zurick,olivia,cecelia@jmori.com,ab6533f7be9533af,,user
188,Gideon harris,russell,anthony@jmori.com,fa1f9de47427540f,,user
189,Ryan labelle,deacon,frank.1011@jmori.com,f1b23b0889600733,,user
190,Jason martin,james.598,gary594@jmori.com,91856b9d1bb93d60,,user
191,Aditya allen,gavin.947,jacquelyn@jmori.com,8d472cb6ee794395,,admin
192,Grace turner,brianna,brenton@jmori.com,8a7bfc81b384f423,,user
193,Gavin turner,patrick,grady.779@jmori.com,bc40db981afaf683,,user
194,Carter young,james.241,jose.1097@jmori.com,71cbe40b9157029b,,user
195,Aydan eady,scott.489,ralph.382@jmori.com,dfb1e03962f8cc9b,,user
196,Finnegan gagnon,brian805,elijah@jmori.com,c875d6aa6d3572d3,,user
197,Dennis thompson,essence,tabitha@jmori.com,e478888dc51494d7,,user
198,Anthony babyak,jesse.241,sebastian@jmori.com,e3c9a902c26e3936,,user
199,Gregory mitchell,dallas,emma.936@jmori.com,78181858271b569e,,user
200,Jerry rainey,jolie.864,ruby774@jmori.com,45d0b83c63d48b9e,,user
201,Anthony johnson,jeffrey,troy.599@jmori.com,178b46a8c6c937ed,,admin
202,Brooklyn dahn,ishaan,julia393@jmori.com,d0680e4d6bc9f2d1,,user
203,Jesse edwards,tyler.562,holly1047@jmori.com,33636fe130709730,,user
204,Jerry kadel,jazlynn,samantha@jmori.com,09945e06f0b0b435,,user
205,Keith thompson,patrick,justin@jmori.com,d10e84bdf3c6324e,,user
206,Julia harber,scott889,cesar.355@jmori.com,478141c7bc0331df,,user
207,Emily zurick,abraham,aydan.234@jmori.com,9166c53a7640f30e,,admin
208,Grady ohrt,amani.231,eliana@jmori.com,258c5e54cbfca82b,,admin
209,Stephen yniguez,anna425,glenn.302@jmori.com,d87194e9bd1e0140,,user
210,Jeramiah parker,diamond,brooklyn@jmori.com,48b8d9e4153c139d,,user
211,Jason gahm,randy412,emmy488@jmori.com,5438ad7eb23509ca,,user
212,Isabella hernandez,david.301,aydan.736@jmori.com,fb8d29e2e7542eba,,user
213,Anna turner,riley.551,efrain@jmori.com,a7a35de5fedb4d48,,user
214,Ethen cahn,troy379,dexter@jmori.com,7e01aed4bca2bd46,,user
215,Elizabeth viana,patrick,emily1030@jmori.com,daf534133c44691b,,user
216,Jeramiah labelle,dexter,hannah@jmori.com,4cc0bf9f32b6a368,,user
217,Dulce brown,louis.909,jes226@jmori.com,01bc0bf3fc5e5e40,,admin
218,Ethen baker,fred.648,fred.970@jmori.com,e2b495f9e545be34,,user
219,Jenish thomas,ava.308,julia582@jmori.com,c0aaccbdd0390abf,,user
220,Brooklyn harris,martin,landon@jmori.com,ee1a737c2fbf3368,,user
221,Morgan hill,keith293,jimmy.834@jmori.com,25eb1bdbed7d090d,,user
222,Gabriel miller,rogelio,robert@jmori.com,437b990b94424bef,,admin
223,Amber xavier,alivia,mateo.151@jmori.com,5ea2ecc3222ba596,,user
224,Jerry uhler,paityn,andrew@jmori.com,9bfccf62b88d8bdc,,user
225,Walker adams,aiden727,troy189@jmori.com,0752a70bfd289f7e,,user
226,Jeffrey green,taylor,sebastian@jmori.com,aa3139c104dc4002,,user
227,Ruby falk,selina,jolie490@jmori.com,b85dd1ad76dc5ac4,,user
228,Avery green,avery678,randy.914@jmori.com,cf2abfe9c7b92737,,user
229,Gideon westcott,anthony,noel.726@jmori.com,e2b3f26ee6e01890,,user
230,Kathy urick,miah373,martin@jmori.com,63a1b409b63be0e4,,user
231,Ruby nagy,miranda,jimmy948@jmori.com,104b6b23453b4a32,,user
232,Isabella walker,glenn822,aldo.1001@jmori.com,4fb49eaf3881754c,,user
233,Selina tormey,scott1069,aydan238@jmori.com,910f91645a645c9e,,user
234,Bryan ohrt,steven,riley.346@jmori.com,e3543162fd9cbd47,,user
235,Sebastian nelson,ishaan,samantha@jmori.com,6c430823d4c7eaa5,,user
236,Tabitha gabbert,taylor,holly940@jmori.com,3778f86d04aa0927,,user
237,Raymond cabello,jenish,russell@jmori.com,3d93917c0460329e,,user
238,Cierra yob,ronald,holly.344@jmori.com,5e0699277b1de835,,user
239,Selina xavier,landon,elizabeth@jmori.com,9aa6fadb27ed430e,,user
240,Russell hall,steven,selina@jmori.com,27790a593ebcedfd,,user
241,Holly jackowski,jackson,henry863@jmori.com,7ca4dcb0965814cc,,user
242,Noel cahn,alivia,miranda@jmori.com,2f012387867b39a2,,user
243,Douglas davis,landon,aubrey@jmori.com,567a8ab54ca02eef,,user
244,Ethen white,jos.861,bobby729@jmori.com,a6f8e4e471960f82,,user
245,Ashley tevlin,faith233,riley953@jmori.com,3d6bbf346b910b18,,user
246,Saige raisner,jeramiah,douglas@jmori.com,ca9a9475bb9558d3,,user
247,Atticus yob,dulce.186,alexis@jmori.com,e9c637c2eba5a69e,,user
248,Ryan shawn,richard,efrain@jmori.com,ad9f8b316f16363d,,user
249,Emma mabrey,xzavier,william@jmori.com,36570be5856a02c2,,user
250,Emily mabrey,mateo562,atticus@jmori.com,9df0d47da179ffe4,,user
251,Landon negley,isabella,jeffrey@jmori.com,cdc23e68fe5fc4b9,,user
252,Ava ohrt,jos.188,aubrey@jmori.com,4fd77ac535ae65a3,,user
253,Isabella tabbert,sebastian,landon@jmori.com,ecae4e98984578e3,,user
254,Morgan nagy,mohammad,carl406@jmori.com,a0bf93d014855a16,,user
255,Elizabeth vasko,ryan798,efrain@jmori.com,67c5e2e3ae4a094f,,user
256,Esther king,madison,matthew@jmori.com,e16f8054e10958b6,,user
257,Gavin isaman,jacquelyn,joseph@jmori.com,5380503fed55bf86,,user
258,Taylor hill,essence,tristan@jmori.com,34d4cc2f1c5672c0,,user
259,Kevin brown,bryan762,anthony@jmori.com,74773394d6667617,,user
260,Emmy babyak,rogelio,anna710@jmori.com,d85b456dd98c9670,,user
261,Holly walker,brianna,sydnee@jmori.com,d50c7f930ffe5ace,,user
262,Gavin cahn,camilla,reagan@jmori.com,6af8a2c51a14db88,,user
263,Efrain smith,timothy,elvis1042@jmori.com,9cb71e108f868dbb,,user
264,Sophia collins,roy847,rogelio@jmori.com,d0728fe6daaec1e8,,admin
265,Holly phillips,reagan,jos581@jmori.com,567600934a7cc2e0,,user
266,Malcolm smith,stella,clay456@jmori.com,4822a6caeca2b8a8,,admin
267,Joseph yniguez,amya936,steven@jmori.com,324ebaac0abe15e6,,user
268,Aditya white,martin,taylor@jmori.com,a53e2bc032c97866,,user
269,Brooklyn dahn,glenn646,caden345@jmori.com,22a8dc575fbab309,,user
270,Jazlynn vasko,charles,julia.769@jmori.com,40a952605c41e47a,,user
271,Camilla adams,louis.885,gabriel@jmori.com,5ab024b851410377,,user
272,Avery fader,christopher,atticus@jmori.com,d8a786c6b6ef4a5d,,user
273,Marisol adams,michael,karissa@jmori.com,e70f22b22c627420,,user
274,Tyrese ealy,scott.102,grace.528@jmori.com,06ec53be1ae4f31a,,user
275,Brooklyn garcia,mohammad,ethen.589@jmori.com,e07f97d99c899b37,,user
276,Ryan evans,joe708,tristan@jmori.com,b86c25626494e0d3,,user
277,Emma robinson,kevin856,camilla@jmori.com,00362825a10bd46b,,user
278,Selina perez,ryan.364,richard@jmori.com,9e77fe32cf42715e,,user
279,Riley hall,ava.641,aniya140@jmori.com,cb14a7d196564201,,admin
280,Diamond tevlin,yamilet,mark807@jmori.com,a0e6b2c550dd57ab,,user
281,Caden mabrey,marisol,olivia@jmori.com,915f011b7d00e778,,user
282,Louis collins,kenneth,alexis@jmori.com,cfa8a3fbb9500828,,user
283,Victor eady,bobby.182,addison@jmori.com,4824d5a74dabefc2,,admin
284,Dallas rodriguez,noel.854,donald@jmori.com,e30bb0a46043fc0c,,user
285,Gwendolyn baker,ryan852,isabella@jmori.com,a33908de91469b50,,user
286,Eliana cahn,madison,brianna@jmori.com,e4b7b32a48c6d8ee,,user
287,Clay viana,aiden586,mia.238@jmori.com,23e22d6671a7b2b2,,admin
288,Sophia moore,madison,avery219@jmori.com,85c4ab97c61f3a44,,user
289,Elijah mabrey,ryan163,atticus@jmori.com,769937a7832736d3,,user
290,Joy moore,steven,jazlynn@jmori.com,7c6b441f512f05dd,,user
291,Alivia falk,jesse594,christopher@jmori.com,707c5debbd36cc4d,,admin
292,Rogelio eady,carter,stephen@jmori.com,949fcc5813d9a5b7,,user
293,Samantha roberts,morgan,jason825@jmori.com,181833a4be77c129,,admin
294,Jolie campbell,john.160,lauren@jmori.com,1086f0ecb0c23b08,,user
295,Noel davis,diamond,caden267@jmori.com,80563b2fa024f830,,user
296,Andrew thomas,cecelia,xzavier@jmori.com,a69c6ae391f309c1,,user
297,Riley wafford,michael,ishaan@jmori.com,770d13023fe278d1,,user
298,Randy johnson,ralph636,justin@jmori.com,2e54105143dba3f5,,user
299,Timothy thompson,miah.717,tyler.245@jmori.com,02b3e6438b82f166,,admin
300,Matthew hill,troy459,brianna@jmori.com,66e67d05d8f674eb,,user
301,Jolie taylor,kenneth,peter580@jmori.com,2312c4f3ef068189,,admin
302,Humberto wesenberg,orion.831,jos.809@jmori.com,14b5a929d2c82996,,user
303,Reuben kadel,jackson,gwendolyn@jmori.com,c3e1caac19aa8a7e,,user
304,Riley brown,john.185,jolie252@jmori.com,fd4691975e180eab,,user
305,Holly xavier,cierra,joseph@jmori.com,2700702b4f4f9c90,,user
306,Aniya wright,gideon,walker@jmori.com,68a790c2628c4252,,user
307,Dennis abelson,gideon,tyler.1042@jmori.com,2aaf93dfdac85fac,,user
308,Elvis jones,ruby.843,fred279@jmori.com,851f6b2f9c09b223,,user
309,Avery cabello,rogelio,raymond@jmori.com,7fdb2c97f93324ba,,user
310,Charles johnson,joe984,david.461@jmori.com,15292903f4cd8d5c,,user
311,Anna thomas,elizabeth,holly581@jmori.com,2467c4966dbee17a,,user
312,Alivia clark,morgan,bryan.215@jmori.com,593e2e841e05ed89,,user
313,Madison eady,walter,ethen.268@jmori.com,8eadc17eec2363af,,user
314,Walter walker,marisol,ashley@jmori.com,7b7ebc01f72a876e,,admin
315,Jos johnson,adam325,mateo338@jmori.com,e4198c3eeb67aa5d,,user
316,Jacquelyn martinez,amber.354,brooklyn@jmori.com,7f76c7eb161d8ed1,,user
317,George yob,ashley,joshua@jmori.com,3b665d95d29840d9,,user
318,Cierra rodriguez,rogelio,saige1011@jmori.com,8241a12b5aeeb54f,,user
319,Vivian labelle,ishaan,avery.967@jmori.com,6d198defe0c494e4,,user
320,Steve nelson,ryleigh,avery.206@jmori.com,77d66c9b044afb49,,user
321,Orion caffee,ava644,harry.1050@jmori.com,c091cffd65ec6ee9,,user
322,Frank collins,brianna,chloe.1006@jmori.com,9347350d272b719b,,user
323,Ryan turner,jos680,mia.129@jmori.com,56d4d1e8a3765eab,,user
324,Jesse westcott,gavin828,yamilet@jmori.com,8cb1164324878de6,,user
325,Aldo edwards,isabelle,scott538@jmori.com,daab5fdcb417bd4b,,user
326,Jackson clark,cesar293,jerry.144@jmori.com,2b7e5d67c5b6d42f,,user
327,Avery white,anthony,jose248@jmori.com,53c81fef0e3dd3a7,,user
328,Sophia yniguez,troy.1005,grady1074@jmori.com,61794b945cf23639,,admin
329,Saige rodriguez,gary.283,douglas@jmori.com,c5f7ea34c810ca60,,user
330,Alyssa tabbert,wendy.473,riley.860@jmori.com,b866a0161366fd30,,user
331,James davis,daniel,abraham@jmori.com,2a2895b3d51da050,,user
332,Isabella green,caden744,paul.1094@jmori.com,ce8dffef280d03dc,,user
333,Joe gonzalez,charles,cesar.325@jmori.com,855c40d183f522cf,,user
334,Hunter johnson,jerry.458,brian.794@jmori.com,39208b746179d181,,user
335,Sydnee mitchell,isabella,hannah@jmori.com,7f583736bf436271,,user
336,Dixie garcia,elvis842,tyler787@jmori.com,7a975b7b689a120b,,user
337,Gwendolyn baker,joe.651,ryan.235@jmori.com,7902554515e56e3d,,user
338,Dulce lee,scott164,reuben@jmori.com,7cc075506c2ae689,,user
339,Larry white,ryan.547,avery.396@jmori.com,e55a094256526463,,user
340,Raymond phillips,hunter,emma.766@jmori.com,95eff286ecb77db1,,user
341,Aditya ealy,humberto,anna467@jmori.com,b09019de9614ad8f,,user
342,Kevin edwards,gideon,anna.334@jmori.com,c1b81ffc8702e008,,admin
343,Noel jackson,scott172,noah1000@jmori.com,00200cb59ae976d4,,user
344,Dallas xavier,caden916,clay644@jmori.com,b6e0828a5a361465,,user
345,Sophia johnson,dexter,adam314@jmori.com,b7426a212d18183a,,user
346,Malcolm caffee,kevin.360,essence@jmori.com,b7156148f6648ed6,,user
347,Leonel tormey,jolie.821,jacquelyn@jmori.com,d267b41634d28bc3,,admin
348,Aldo mitchell,louis.468,henry.1026@jmori.com,b23e30ec7edb6ed0,,user
349,Elijah hill,christopher,anthony@jmori.com,26a5e712fc5ba845,,user
350,Gavin eady,robert,miranda@jmori.com,a82190a0a9e33923,,user
351,Marisol edwards,tyler588,henry886@jmori.com,18c3579eb9dcc767,,user
352,Ryleigh gagnon,saige.646,troy283@jmori.com,5f554a48aa9fb40c,,user
353,Miah serban,elizabeth,anthony@jmori.com,ed472c1fa5339278,,user
354,Brianna bacon,martin,john311@jmori.com,117c1d905cb8fd7a,,user
355,Walker viana,etha729,emmanuel@jmori.com,24c6842429a6d272,,user
356,Anna urick,bryan.960,patrick@jmori.com,0c95296bbc0ac821,,admin
357,Patrick irwin,esther,elizabeth@jmori.com,47a5e68013a2ace7,,user
358,Jackson scott,selina,martin@jmori.com,8edca421b6a9b6d1,,user
359,Brooklyn bacon,alyssa,ralph.929@jmori.com,33634b974aaf0ede,,admin
360,Aniya lewis,raymond,gary.760@jmori.com,90db8587ea7d6612,,user
361,Patrick irwin,steve.610,noah.436@jmori.com,ce33038ee5d9c8e6,,user
362,Finnegan mitchell,gary.957,avery931@jmori.com,827917a6f3beeb94,,user
363,Selina negley,frank.612,anthony@jmori.com,26bb8fca1d227267,,user
364,Etha abby,chloe.582,jose116@jmori.com,96d748e1ebce983b,,user
365,Carl clark,harry.1066,jose.417@jmori.com,0dc08d41d37ef644,,user
366,Jacquelyn fader,rihanna,gavin.1057@jmori.com,e3cc26bdb7ea2129,,user
367,Tyler garcia,avery532,tabitha@jmori.com,600990c7bf2316dc,,admin
368,Dexter carter,charles,patrick@jmori.com,63539426d54acdaf,,user
369,Leonel rainey,rogelio,caden.698@jmori.com,ea229df67dc7121b,,user
370,Dixie westcott,abraham,miranda@jmori.com,b4e4aa1d511e1e6f,,user
371,Paityn hall,jesse908,aydan.596@jmori.com,9d3bf65fb7820fbf,,user
372,Carl vasko,jason.232,jesse.1068@jmori.com,0893894e6b142c38,,user
373,Jackson labelle,james.849,jason672@jmori.com,95a48af2c58de18d,,user
374,Faith roberts,alyssa,john961@jmori.com,82e587d8be4d6eff,,user
375,Ava brown,peter685,grace.166@jmori.com,c1c046d967ddb7c1,,user
376,Rihanna rainey,sophia,ashley@jmori.com,f577be270afa7175,,user
377,Finnegan kadel,gavin.352,mohammad@jmori.com,90475944d927593c,,user
378,Orion gabbert,eliana,brianna@jmori.com,73cf4653b84e8595,,user
379,Lauren ohrt,gwendolyn,peter1058@jmori.com,5de81a18bbe2e6c7,,user
380,Ronald hernandez,aiden.944,ryan.1093@jmori.com,89e92c8dd0f484a6,,user
381,David turner,yamilet,harry.1090@jmori.com,2ec168e392c48c54,,user
382,Russell caffee,etha.377,gideon@jmori.com,49c0de018631f428,,admin
383,Hunter brown,jesse.900,audrina@jmori.com,1357b5f3221ebabe,,user
384,Mia hadder,cierra,ryan.840@jmori.com,2c558791629db306,,user
385,Miah cahn,dixie553,isabella@jmori.com,f80e28817e417d80,,user
386,Joseph adams,danny716,jackson@jmori.com,bd82cebb2603423d,,user
387,Steven phillips,madison,ruby.1087@jmori.com,4b19f7f604031a07,,user
388,Jacquelyn carter,dennis,matthew@jmori.com,2a6e48a0c6d8110f,,user
389,Joy young,kevin.419,tabitha@jmori.com,7d75daf05c8cfe65,,admin
390,Olivia fadler,christopher,tyrese@jmori.com,f708524f0906d7d7,,user
391,Victor clark,michael,william@jmori.com,514ff34ee71714ce,,user
392,Gideon viana,ryan367,dallas@jmori.com,9fd4d3d1e1ef626b,,user
393,Peter abby,reagan,atticus@jmori.com,d3bb6bfe09c4e3f9,,user
394,Russell zurick,timothy,ryan.404@jmori.com,7d197f9c5f034b8d,,user
395,Etha wilson,elvis.305,anthony@jmori.com,7f79a77c794b978f,,user
396,Douglas negley,keith139,jazlynn@jmori.com,7d3eab630064e729,,user
397,Jeramiah labelle,javion,dallas@jmori.com,5bd93d74bac57b51,,user
398,Brooklyn lewis,ralph715,jesse.332@jmori.com,89d00926a16da9d9,,user
399,Cesar jackowski,richard,jayden@jmori.com,9701a79fbd172080,,user
400,Emily smith,miah919,amani375@jmori.com,d74fe89127e8d810,,user
401,Russell viana,audrina,jose947@jmori.com,726958c213170a39,,user
402,Randy vasko,ryan.405,scott.943@jmori.com,c775fd9b20f2724f,,user
403,Amya waggett,aniya.1029,patrick@jmori.com,beeac3be97813f53,,user
404,Charles campbell,marisol,carl602@jmori.com,627b969c047902e0,,user
405,Aubrey martin,randy1017,larry.518@jmori.com,be96089a097665c2,,user
406,Frank green,paris393,miah.897@jmori.com,2e3573fdd9344bc2,,user
407,Gideon westcott,carter,mia522@jmori.com,59a7da989bb21770,,user
408,Ronald caffee,leonel,jenish@jmori.com,e4ae08a1044f2214,,admin
409,Jackson mitchell,paris.427,deacon@jmori.com,d3c57bedf146f421,,user
410,Emma negley,jerry448,anthony@jmori.com,8a21d6d700134943,,user
411,Jerry harris,hannah,natalie@jmori.com,1c7704ff0b7d87e7,,user
412,Kevin shawn,yamilet,anthony@jmori.com,6f9437ac70e2e89a,,user
413,Amani harris,olivia,grady1085@jmori.com,2beaaf45b893cc88,,user
414,Henry cahn,amani.669,aniya686@jmori.com,01b67ecb02c6bb57,,user
415,Kenneth williams,victor,malcolm@jmori.com,a17118b17501d406,,user
416,Olivia taylor,joy.621,aniya.993@jmori.com,4b51501e085a91ff,,user
417,Brian hernandez,danny378,tabitha@jmori.com,180d1e11a84f3662,,user
418,Kathy lewis,amber413,bobby.662@jmori.com,8b54760d5a81ba38,,user
419,Rogelio walker,atticus,jolie.805@jmori.com,f0ea1a545b123987,,user
420,Elvis garcia,julia534,troy.481@jmori.com,a2b632f8fe32a070,,user
421,Jolie clark,roy.818,grace.605@jmori.com,df3b28794c256849,,user
422,Jimmy mitchell,javion,eric.514@jmori.com,a714f958723bcccb,,user
423,Lauren westcott,emily835,van761@jmori.com,227a96a6819644e5,,user
424,Mark johnson,jenish,matthew@jmori.com,4b409ddb10604c34,,user
425,Taylor ealy,riley578,mohammad@jmori.com,c8da03f96933ba30,,user
426,Ronald jackson,jason.366,russell@jmori.com,9c0952e7ddae761e,,user
427,Brianna eady,larry914,jeffrey@jmori.com,7fa61a8e54961233,,user
428,Charles babyak,peter.1074,jeffrey@jmori.com,6b2a6ddc57f91eea,,user
429,Alyssa collins,yamilet,michael@jmori.com,95050237fd83a898,,user
430,Morgan viana,amya277,alyssa@jmori.com,5e81408601d892a2,,user
431,Miranda babyak,cesar.1081,avery873@jmori.com,b221d6474851a76f,,user
432,Riley yob,ronald,ryan1096@jmori.com,fbf91be2ea3fe341,,user
433,Joseph labelle,finnegan,stella@jmori.com,36e7d15c1d867d49,,admin
434,Randy labelle,clay.918,paityn@jmori.com,adf5c604f8c60955,,user
435,Randy abby,paul.265,gabriel@jmori.com,bc0e34ea0725e404,,user
436,Frank xander,vivian,emily684@jmori.com,b74c5c097a19c25e,,user
437,Stella waggett,ava491,humberto@jmori.com,96002e89cd2ff760,,user
438,Sophia cahn,caden455,harry383@jmori.com,4464dead6d0d6c2f,,user
439,Gregory walker,jacquelyn,joshua@jmori.com,55dec6c064a4927a,,user
440,Humberto yob,camilla,timothy@jmori.com,f7202d5908a0374b,,user
441,Ava eady,deacon,jackson@jmori.com,761bebda5bfa1337,,user
442,Caden tormey,paityn,riley950@jmori.com,970d05fa7c55bdcb,,admin
443,Walter taylor,jerry.718,aldo.427@jmori.com,f6cf2ed762ca5a11,,user
444,Rogelio cahn,walter,vivian@jmori.com,85cf2efabd0c8755,,user
445,Alivia hanz,frank1091,william@jmori.com,942290a01edeee77,,user
446,Henry waggett,elijah,gary921@jmori.com,299a39b68718d8a6,,user
447,Alivia hernandez,tyler.846,aydan184@jmori.com,1984906fc5ded828,,user
448,Randy johnson,faith778,robert@jmori.com,e630f850b06bc1a9,,user
449,Etha abby,grady765,avery.212@jmori.com,d527939d09db8b06,,user
450,Orion scott,jazlynn,joy.275@jmori.com,c313096ac0de2e78,,user
451,Mia williams,chloe612,carlos@jmori.com,5ee5ade41fdaada1,,user
452,Riley anderson,reagan,saige969@jmori.com,de397d74876a4119,,user
453,Jackson xavier,carlos,paris.908@jmori.com,3ef1d22f57524e3f,,user
454,John ealy,jeffrey,alexis@jmori.com,433c4c06d8311aca,,admin
455,Efrain brown,martin,peter.749@jmori.com,9d5f94c6323ba38a,,user
456,Jacquelyn eady,ruby.431,jason818@jmori.com,cc014f270647b848,,user
457,Grace davis,mark.255,miah.572@jmori.com,fc726cc816e94edc,,user
458,Selina waggett,vivian,reagan@jmori.com,d6bf1adf1368d4dc,,user
459,Paul green,joy384,javion@jmori.com,98148e8aaa053366,,user
460,Morgan urick,dallas,harry985@jmori.com,5450818f0b04d4ab,,admin
461,Sydnee baker,raymond,aiden251@jmori.com,6e806ed120d1cfa7,,user
462,Paris waggett,elizabeth,james482@jmori.com,9011f2a4ea1679b3,,user
463,Karissa roberts,aiden723,bryan.949@jmori.com,5be042bc00015b01,,user
464,Julia kadel,deacon,emily506@jmori.com,2b51262923549b21,,user
465,Rogelio tormey,sebastian,dixie.460@jmori.com,75fc75c4705148b5,,user
466,Christopher gahm,anthony,lauren@jmori.com,1336d61cb6e3fb95,,admin
467,Henry gabbert,ralph.265,daniel@jmori.com,7be9957df7d80a76,,user
468,Sebastian urick,samantha,morgan@jmori.com,c1d228508d7e6b73,,user
469,Brooklyn allen,steve502,joy.1023@jmori.com,dc38c38c68ba5b4e,,user
470,Russell lopez,james.971,saige465@jmori.com,e9ba336254779d0a,,user
471,Xzavier mitchell,grace.596,david.911@jmori.com,1d47d4d4d15677ce,,user
472,Riley thompson,cesar761,miranda@jmori.com,ba78b23d3fb93d59,,user
473,Jesse baker,randy.772,joy.108@jmori.com,a24ddaba463df572,,user
474,Adam isaman,emma.983,noel.340@jmori.com,dd8dfba35cb98619,,user
475,Charles scott,noel193,saige.467@jmori.com,fc628addf1013b00,,user
476,Gavin miller,emily370,aditya@jmori.com,032cf70621cba15c,,user
477,Harry xavier,yamilet,george@jmori.com,fad89ba4b9b2454d,,user
478,Camilla taylor,emmanuel,alyssa@jmori.com,6f048d8ef7aca75e,,user
479,Marisol mabrey,van.456,tyler601@jmori.com,9840c9db27b32bf5,,user
480,Kathy adams,efrain,jolie.406@jmori.com,0b738126d3a2d135,,user
481,Taylor rodriguez,miah.655,frank991@jmori.com,48ad2be278c5b8dd,,admin
482,Clay gonzalez,amber.695,emma.287@jmori.com,935a7e23b603a826,,admin
483,Jenish falk,david1064,ava822@jmori.com,b74ba3572ff4f1d9,,user
484,Vivian moore,caden238,mohammad@jmori.com,7dd0f4d887c6ea18,,user
485,Scott urick,humberto,ryan.781@jmori.com,d15f28045681c99a,,user
486,Dexter campbell,bobby.342,tabitha@jmori.com,db89d20e9e8cd202,,user
487,Joe zurick,alyssa,elvis.676@jmori.com,71ae407da33a9312,,user
488,Kevin williams,selina,timothy@jmori.com,3c0ce9f54e587448,,user
489,Kenneth king,jesse.693,vivian@jmori.com,3c1e76160fbc95c5,,user
490,Andrew turner,clay319,joshua@jmori.com,6c80d7815deb2249,,user
491,Gavin tevlin,sebastian,richard@jmori.com,aad82f8cad0b9df5,,user
492,Etha robinson,douglas,adam317@jmori.com,f6c53439dc6cb403,,user
493,Ryan white,amber373,brenton@jmori.com,f2cb81c8efad3b51,,user
494,Hunter eady,joe.547,emmanuel@jmori.com,19227ef3835b5cf9,,user
495,Henry carter,william,cierra@jmori.com,149fbfa38f388fc2,,user
496,Victor tormey,tristan,ryleigh@jmori.com,c120bc69f833a88d,,user
497,Abraham ohrt,isabelle,daniel@jmori.com,5e7d87519b2c77a7,,user
498,Anthony wesenberg,charles,sydnee@jmori.com,6ad8007328c44f37,,user
499,William gahm,tyrese,mia.745@jmori.com,c616ee2e7f743c8a,,user
500,Dallas williams,stella,reagan@jmori.com,58d8b9e0056aa552,,user
501,test,test,test@test.com,test,,admin
502,johnSmith,john,john@smith.com,password,,dev
